Date;PlayerID;DateTime;DateEndTime;DateStartTime;Exercise #;ExerciseID;TrainingID;TrainingSubtype;TrainingType;Duration;Duration_s;Duration_m
11-5-2018;4;00:00,0;32:16,3;28:15,8;Exercise 3;11;34;Complex technique;Technique ;0 days 00:04:00.440000000;240;4
11-5-2018;4;00:00,0;54:59,8;32:16,9;Exercise 4;40;34;Team pass;Complex 1;0 days 00:22:42.890000000;1362;22
11-5-2018;4;00:00,0;20:39,1;05:55,4;Exercise 1;82;34;Warming up & Cooling down;Physical;0 days 00:14:43.670000000;883;14
11-5-2018;4;00:00,0;28:15,2;20:39,6;Exercise 2;2;34;Complex technique;Technique ;0 days 00:07:35.590000000;455;7
11-5-2018;4;00:00,0;10:44,7;30:44,7;Exercise 1;82;35;Warming up & Cooling down;Physical;0 days 00:40:00.000000000;2400;40
11-5-2018;4;00:00,0;13:05,3;56:27,4;Exercise 5;79;34;Team pass;Complex 1;0 days 00:16:37.910000000;997;16
11-5-2018;4;00:00,0;20:29,4;13:05,9;Exercise 6;8;34;Technique team individueel;Technique ;0 days 00:07:23.520000000;443;7
11-5-2018;4;00:00,0;30:44,7;10:44,7;Exercise 2;83;35;Friendly;Competition;0 days 02:20:00.000000000;8400;140
12-5-2018;4;00:00,0;30:44,7;50:44,7;Exercise 1;82;36;Warming up & Cooling down;Physical;0 days 00:40:00.000000000;2400;40
12-5-2018;4;00:00,0;42:22,3;33:22,9;Exercise 1;0;37;Warming up & Cooling down;Physical;0 days 00:08:59.390000000;539;8
12-5-2018;4;00:00,0;46:20,4;42:23,1;Exercise 2;63;37;Warming up & Cooling down;Physical;0 days 00:03:57.350000000;237;3
12-5-2018;4;00:00,0;15:44,7;30:44,7;Exercise 2;83;36;Friendly;Competition;0 days 01:45:00.000000000;6300;105
12-5-2018;4;00:00,0;03:01,8;52:20,6;Exercise 4;84;37;Team pass;Complex 1;0 days 00:10:41.180000000;641;10
12-5-2018;4;00:00,0;29:05,5;18:04,9;Exercise 6;79;37;Team pass;Complex 1;0 days 00:11:00.580000000;660;11
12-5-2018;4;00:00,0;18:04,1;03:01,8;Exercise 5;35;37;pass-set-attack;Complex 1;0 days 00:15:02.330000000;902;15
12-5-2018;4;00:00,0;52:19,4;46:21,7;Exercise 3;11;37;Complex technique;Technique ;0 days 00:05:57.720000000;357;5
12-5-2018;4;00:00,0;41:11,3;32:11,3;Exercise 7;76;37;Serve;Technique ;0 days 00:09:00.000000000;540;9
13-5-2018;4;;;;;;;;;;;
14-5-2018;4;00:00,0;19:54,3;10:29,9;Exercise 5;55;39;6vs6;Complex 2;0 days 00:09:24.400000000;564;9
14-5-2018;4;00:00,0;10:27,8;56:30,9;Exercise 4;35;39;pass-set-attack;Complex 1;0 days 00:13:56.890000000;836;13
14-5-2018;4;00:00,0;04:59,9;37:54,6;Exercise 7;56;39;six-six;Complex total;0 days 00:27:05.290000000;1625;27
14-5-2018;4;00:00,0;39:53,9;31:16,4;Exercise 9;76;39;Serve;Technique ;0 days 00:08:37.540000000;517;8
14-5-2018;4;00:00,0;31:11,1;17:19,6;Exercise 8;85;39;Serve;Technique ;0 days 00:13:51.540000000;831;13
14-5-2018;4;00:00,0;45:18,8;29:13,3;Exercise 3;72;38;Strength;Physical;0 days 01:16:05.520000000;4565;76
14-5-2018;4;00:00,0;18:49,3;06:24,5;Exercise 1;0;38;Warming up & Cooling down;Physical;0 days 00:12:24.830000000;744;12
14-5-2018;4;00:00,0;29:12,7;18:49,8;Exercise 2;58;38;Warming up & Cooling down;Physical;0 days 00:10:22.930000000;622;10
14-5-2018;4;00:00,0;52:51,4;47:50,5;Exercise 2;11;39;Complex technique;Technique ;0 days 00:05:00.890000000;300;5
14-5-2018;4;00:00,0;47:50,5;35:47,7;Exercise 1;53;39;Warming up & Cooling down;Physical;0 days 00:12:02.800000000;722;12
14-5-2018;4;00:00,0;56:30,4;52:52,2;Exercise 3;76;39;Serve;Technique ;0 days 00:03:38.200000000;218;3
15-5-2018;4;00:00,0;18:17,7;15:46,3;Exercise 2;0;40;Warming up & Cooling down;Physical;0 days 00:02:31.460000000;151;2
15-5-2018;4;00:00,0;03:22,9;45:14,0;Exercise 5;86;40;Team pass;Complex 1;0 days 00:18:08.910000000;1088;18
15-5-2018;4;00:00,0;15:45,6;01:11,9;Exercise 1;48;40;Warming up & Cooling down;Physical;0 days 00:14:33.780000000;873;14
15-5-2018;4;00:00,0;45:13,2;33:53,7;Exercise 4;84;40;Team pass;Complex 1;0 days 00:11:19.470000000;679;11
15-5-2018;4;00:00,0;28:45,3;20:21,8;Exercise 3;4;40;Set-Up;Technique ;0 days 00:08:23.510000000;503;8
15-5-2018;4;00:00,0;30:44,7;50:44,7;Exercise 1;82;41;Warming up & Cooling down;Physical;0 days 00:40:00.000000000;2400;40
15-5-2018;4;00:00,0;30:44,7;30:44,7;Exercise 2;87;41;Friendly;Competition;0 days 02:00:00.000000000;7200;120
15-5-2018;4;00:00,0;24:08,8;16:00,5;Exercise 7;8;40;Technique team individueel;Technique ;0 days 00:08:08.310000000;488;8
15-5-2018;4;00:00,0;33:51,8;29:00,6;Exercise 8;11;40;Complex technique;Technique ;0 days 00:04:51.170000000;291;4
15-5-2018;4;00:00,0;15:59,8;03:23,6;Exercise 6;79;40;Team pass;Complex 1;0 days 00:12:36.190000000;756;12
16-5-2018;4;00:00,0;30:44,7;10:44,7;Exercise 2;87;42;Friendly;Competition;0 days 02:20:00.000000000;8400;140
16-5-2018;4;00:00,0;10:44,7;30:44,7;Exercise 1;82;42;Warming up & Cooling down;Physical;0 days 00:40:00.000000000;2400;40
17-5-2018;4;00:00,0;29:57,7;21:57,3;Exercise 3;11;43;Complex technique;Technique ;0 days 00:08:00.440000000;480;8
17-5-2018;4;00:00,0;39:35,3;29:58,4;Exercise 4;14;43;Pass;Technique ;0 days 00:09:36.940000000;576;9
17-5-2018;4;00:00,0;21:56,8;19:48,7;Exercise 2;53;43;Warming up & Cooling down;Physical;0 days 00:02:08.100000000;128;2
17-5-2018;4;00:00,0;19:48,1;03:41,2;Exercise 1;0;43;Warming up & Cooling down;Physical;0 days 00:16:06.850000000;966;16
17-5-2018;4;00:00,0;46:26,9;39:43,3;Exercise 5;76;43;Serve;Technique ;0 days 00:06:43.620000000;403;6
17-5-2018;4;00:00,0;30:44,7;50:44,7;Exercise 1;82;44;Warming up & Cooling down;Physical;0 days 00:40:00.000000000;2400;40
17-5-2018;4;00:00,0;59:02,4;46:31,0;Exercise 6;79;43;Team pass;Complex 1;0 days 00:12:31.420000000;751;12
17-5-2018;4;00:00,0;15:44,7;30:44,7;Exercise 2;87;44;Friendly;Competition;0 days 01:45:00.000000000;6300;105
18-5-2018;4;;;;;;;;;;;
19-5-2018;4;00:00,0;39:29,2;35:06,0;Exercise 4;11;45;Complex technique;Technique ;0 days 00:04:23.170000000;263;4
19-5-2018;4;00:00,0;10:43,3;00:15,3;Exercise 1;53;46;Warming up & Cooling down;Physical;0 days 00:10:28.050000000;628;10
19-5-2018;4;00:00,0;59:30,4;39:35,6;Exercise 5;84;45;Team pass;Complex 1;0 days 00:19:54.840000000;1194;19
19-5-2018;4;00:00,0;16:08,9;10:44,1;Exercise 2;4;46;Set-Up;Technique ;0 days 00:05:24.850000000;324;5
19-5-2018;4;00:00,0;05:51,2;45:27,1;Exercise 2;14;45;Pass;Technique ;0 days 00:20:24.070000000;1224;20
19-5-2018;4;00:00,0;45:26,2;30:41,8;Exercise 1;0;45;Warming up & Cooling down;Physical;0 days 00:14:44.480000000;884;14
19-5-2018;4;00:00,0;30:04,6;08:51,2;Exercise 3;88;45;Strength;Physical;0 days 00:21:13.420000000;1273;21
19-5-2018;4;00:00,0;38:58,0;34:46,3;Exercise 6;36;46;5vs5;Complex 2;0 days 00:04:11.710000000;251;4
19-5-2018;4;00:00,0;56:07,2;48:32,4;Exercise 8;74;46;6vs6;Complex 2;0 days 00:07:34.760000000;454;7
19-5-2018;4;00:00,0;28:35,0;16:17,6;Exercise 10;76;46;Serve;Technique ;0 days 00:12:17.390000000;737;12
19-5-2018;4;00:00,0;47:01,0;38:58,7;Exercise 7;55;46;6vs6;Complex 2;0 days 00:08:02.350000000;482;8
19-5-2018;4;00:00,0;14:33,3;56:48,3;Exercise 9;56;46;six-six;Complex total;0 days 00:17:45.070000000;1065;17
19-5-2018;4;00:00,0;30:20,0;20:31,7;Exercise 4;35;46;pass-set-attack;Complex 1;0 days 00:09:48.320000000;588;9
19-5-2018;4;00:00,0;34:45,4;30:21,0;Exercise 5;54;46;blok-defense;Complex 2;0 days 00:04:24.480000000;264;4
19-5-2018;4;00:00,0;20:30,4;16:09,6;Exercise 3;11;46;Complex technique;Technique ;0 days 00:04:20.850000000;260;4
20-5-2018;4;00:00,0;50:44,7;00:44,7;Exercise 2;90;50;GEL;Competition;0 days 01:50:00.000000000;6600;110
20-5-2018;4;00:00,0;00:44,7;20:44,7;Exercise 1;82;50;Warming up & Cooling down;Physical;0 days 00:40:00.000000000;2400;40
21-5-2018;4;00:00,0;39:26,4;17:05,3;Exercise 5;88;47;Strength;Physical;0 days 00:22:21.080000000;1341;22
21-5-2018;4;00:00,0;45:42,9;39:46,8;Exercise 6;11;47;Complex technique;Technique ;0 days 00:05:56.070000000;356;5
21-5-2018;4;00:00,0;17:04,2;54:59,5;Exercise 4;8;47;Technique team individueel;Technique ;0 days 00:22:04.690000000;1324;22
21-5-2018;4;00:00,0;59:55,1;45:43,8;Exercise 7;79;47;Team pass;Complex 1;0 days 00:14:11.340000000;851;14
21-5-2018;4;00:00,0;51:51,6;49:51,5;Exercise 3;58;47;Warming up & Cooling down;Physical;0 days 00:02:00.100000000;120;2
21-5-2018;4;00:00,0;43:45,6;30:46,9;Exercise 1;48;47;Warming up & Cooling down;Physical;0 days 00:12:58.650000000;778;12
21-5-2018;4;00:00,0;49:50,8;43:46,5;Exercise 2;0;47;Warming up & Cooling down;Physical;0 days 00:06:04.360000000;364;6
22-5-2018;4;00:00,0;22:18,5;18:17,5;Exercise 2;4;48;Set-Up;Technique ;0 days 00:04:00.970000000;240;4
22-5-2018;4;00:00,0;32:46,0;27:46,5;Exercise 5;11;48;Complex technique;Technique ;0 days 00:04:59.490000000;299;4
22-5-2018;4;00:00,0;01:29,2;55:50,9;Exercise 8;54;48;blok-defense;Complex 2;0 days 00:05:38.340000000;338;5
22-5-2018;4;00:00,0;52:53,7;45:45,7;Exercise 7;11;48;Complex technique;Technique ;0 days 00:07:08.050000000;428;7
22-5-2018;4;00:00,0;44:45,7;33:23,5;Exercise 6;35;48;pass-set-attack;Complex 1;0 days 00:11:22.170000000;682;11
22-5-2018;4;00:00,0;18:17,5;02:02,5;Exercise 1;53;48;Warming up & Cooling down;Physical;0 days 00:16:14.950000000;974;16
22-5-2018;4;00:00,0;36:58,6;22:42,7;Exercise 12;46;48;six-six;Complex total;0 days 00:14:15.930000000;855;14
22-5-2018;4;00:00,0;23:33,2;22:19,1;Exercise 3;5;48;Complex technique;Technique ;0 days 00:01:14.130000000;74;1
22-5-2018;4;00:00,0;49:59,1;38:20,9;Exercise 13;84;48;Team pass;Complex 1;0 days 00:11:38.150000000;698;11
22-5-2018;4;00:00,0;22:38,3;18:20,4;Exercise 11;76;48;Serve;Technique ;0 days 00:04:17.870000000;257;4
22-5-2018;4;00:00,0;05:35,4;01:30,1;Exercise 9;36;48;5vs5;Complex 2;0 days 00:04:05.310000000;245;4
22-5-2018;4;00:00,0;18:20,4;05:40,9;Exercise 10;55;48;6vs6;Complex 2;0 days 00:12:39.490000000;759;12
22-5-2018;4;00:00,0;27:45,9;23:34,1;Exercise 4;89;48;Defense;Technique ;0 days 00:04:11.780000000;251;4
23-5-2018;4;00:00,0;53:00,2;48:11,4;Exercise 3;11;49;Complex technique;Technique ;0 days 00:04:48.820000000;288;4
23-5-2018;4;00:00,0;07:59,1;53:01,3;Exercise 4;84;49;Team pass;Complex 1;0 days 00:14:57.860000000;897;14
23-5-2018;4;00:00,0;43:25,3;31:25,0;Exercise 1;53;49;Warming up & Cooling down;Physical;0 days 00:12:00.340000000;720;12
23-5-2018;4;00:00,0;48:10,7;43:25,9;Exercise 2;4;49;Set-Up;Technique ;0 days 00:04:44.870000000;284;4
23-5-2018;4;00:00,0;30:44,7;50:44,7;Exercise 1;82;51;Warming up & Cooling down;Physical;0 days 00:40:00.000000000;2400;40
23-5-2018;4;00:00,0;50:44,7;30:44,7;Exercise 2;91;51;GEL;Competition;0 days 02:20:00.000000000;8400;140
24-5-2018;4;;;;;;;;;;;
25-5-2018;4;00:00,0;41:49,3;33:03,8;Exercise 1;0;52;Warming up & Cooling down;Physical;0 days 00:08:45.550000000;525;8
25-5-2018;4;00:00,0;55:08,9;50:52,2;Exercise 4;4;52;Set-Up;Technique ;0 days 00:04:16.740000000;256;4
25-5-2018;4;00:00,0;04:02,3;58:05,2;Exercise 6;89;52;Defense;Technique ;0 days 00:05:57.100000000;357;5
25-5-2018;4;00:00,0;47:50,6;41:50,1;Exercise 2;31;52;Core;Physical;0 days 00:06:00.460000000;360;6
25-5-2018;4;00:00,0;58:02,3;55:10,1;Exercise 5;3;52;Pass;Technique ;0 days 00:02:52.200000000;172;2
25-5-2018;4;00:00,0;50:51,6;47:51,3;Exercise 3;1;52;Warming up & Cooling down;Physical;0 days 00:03:00.290000000;180;3
25-5-2018;4;00:00,0;28:03,3;11:43,1;Exercise 13;84;52;Team pass;Complex 1;0 days 00:16:20.250000000;980;16
25-5-2018;4;00:00,0;10:44,2;56:18,6;Exercise 12;46;52;six-six;Complex total;0 days 00:14:25.610000000;865;14
25-5-2018;4;00:00,0;54:38,5;36:05,0;Exercise 11;56;52;six-six;Complex total;0 days 00:18:33.530000000;1113;18
25-5-2018;4;00:00,0;17:18,0;08:48,4;Exercise 8;35;52;pass-set-attack;Complex 1;0 days 00:08:29.600000000;509;8
25-5-2018;4;00:00,0;35:49,8;30:44,9;Exercise 10;76;52;Serve;Technique ;0 days 00:05:04.810000000;304;5
25-5-2018;4;00:00,0;30:44,0;17:51,1;Exercise 9;36;52;5vs5;Complex 2;0 days 00:12:52.910000000;772;12
25-5-2018;4;00:00,0;06:51,8;04:03,3;Exercise 7;11;52;Complex technique;Technique ;0 days 00:02:48.490000000;168;2
26-5-2018;4;00:00,0;26:59,0;23:04,5;Exercise 4;11;53;Complex technique;Technique ;0 days 00:03:54.530000000;234;3
26-5-2018;4;00:00,0;41:58,7;27:40,7;Exercise 5;84;53;Team pass;Complex 1;0 days 00:14:18.030000000;858;14
26-5-2018;4;00:00,0;23:03,4;19:21,9;Exercise 3;4;53;Set-Up;Technique ;0 days 00:03:41.560000000;221;3
26-5-2018;4;00:00,0;12:51,0;02:07,2;Exercise 1;53;53;Warming up & Cooling down;Physical;0 days 00:10:43.730000000;643;10
26-5-2018;4;00:00,0;20:44,7;00:44,7;Exercise 2;93;54;GEL;Competition;0 days 02:20:00.000000000;8400;140
26-5-2018;4;00:00,0;00:44,7;20:44,7;Exercise 1;82;54;Warming up & Cooling down;Physical;0 days 00:40:00.000000000;2400;40
26-5-2018;4;00:00,0;52:17,9;41:59,4;Exercise 6;79;53;Team pass;Complex 1;0 days 00:10:18.530000000;618;10
26-5-2018;4;00:00,0;01:19,7;52:19,0;Exercise 7;8;53;Technique team individueel;Technique ;0 days 00:09:00.770000000;540;9
26-5-2018;4;00:00,0;19:21,1;12:51,7;Exercise 2;92;53;Complex technique;Technique ;0 days 00:06:29.410000000;389;6
27-5-2018;4;;;;;;;;;;;
28-5-2018;4;00:00,0;15:57,8;08:44,2;Exercise 1;8;56;Technique team individueel;Technique ;0 days 00:07:13.620000000;433;7
28-5-2018;4;00:00,0;21:22,0;15:58,5;Exercise 2;11;56;Complex technique;Technique ;0 days 00:05:23.520000000;323;5
28-5-2018;4;00:00,0;11:03,1;57:43,3;Exercise 1;47;55;Warming up & Cooling down;Physical;0 days 00:13:19.740000000;799;13
28-5-2018;4;00:00,0;57:44,9;11:23,5;Exercise 2;88;55;Strength;Physical;0 days 00:46:21.430000000;2781;46
28-5-2018;4;00:00,0;59:01,7;54:01,0;Exercise 8;76;56;Serve;Technique ;0 days 00:05:00.710000000;300;5
28-5-2018;4;00:00,0;27:54,8;21:22,6;Exercise 3;35;56;pass-set-attack;Complex 1;0 days 00:06:32.270000000;392;6
28-5-2018;4;00:00,0;43:28,9;28:05,3;Exercise 4;36;56;5vs5;Complex 2;0 days 00:15:23.600000000;923;15
28-5-2018;4;00:00,0;53:57,9;44:15,6;Exercise 5;61;56;six-six;Complex total;0 days 00:09:42.330000000;582;9
18-7-2018;4;00:00,0;48:10,0;39:01,6;Exercise 4;96;67;Set-Up;Technique ;0 days 00:09:08.350000000;548;9
18-7-2018;4;00:00,0;12:35,2;02:25,1;Exercise 6;11;67;Complex technique;Technique ;0 days 00:10:10.080000000;610;10
18-7-2018;4;00:00,0;57:02,0;49:56,3;Exercise 5;50;67;Pass;Technique ;0 days 00:07:05.710000000;425;7
18-7-2018;4;00:00,0;30:34,0;24:41,3;Exercise 2;31;67;Core;Physical;0 days 00:05:52.650000000;352;5
18-7-2018;4;00:00,0;39:01,0;30:35,1;Exercise 3;3;67;Set-Up;Technique ;0 days 00:08:25.940000000;505;8
18-7-2018;4;00:00,0;24:39,7;14:23,4;Exercise 1;0;67;Warming up & Cooling down;Physical;0 days 00:10:16.290000000;616;10
18-7-2018;4;00:00,0;00:57,1;45:04,6;Exercise 9;97;67;six-six;Complex total;0 days 00:15:52.460000000;952;15
18-7-2018;4;00:00,0;20:32,3;14:31,0;Exercise 2;10;68;Strength;Physical;0 days 01:06:01.330000000;3961;66
18-7-2018;4;00:00,0;33:40,9;14:48,7;Exercise 7;35;67;pass-set-attack;Complex 1;0 days 00:18:52.180000000;1132;18
18-7-2018;4;00:00,0;39:26,7;33:41,6;Exercise 8;36;67;5vs5;Complex 2;0 days 00:05:45.060000000;345;5
18-7-2018;4;00:00,0;14:31,0;04:46,1;Exercise 1;47;68;Warming up & Cooling down;Physical;0 days 00:09:44.870000000;584;9
19-7-2018;4;00:00,0;12:26,6;01:58,6;Exercise 1;63;69;Warming up & Cooling down;Physical;0 days 00:10:27.930000000;627;10
19-7-2018;4;00:00,0;14:17,2;04:37,9;Exercise 1;0;70;Warming up & Cooling down;Physical;0 days 00:09:39.320000000;579;9
19-7-2018;4;00:00,0;02:03,3;39:06,0;Exercise 5;79;69;Team pass;Complex 1;0 days 00:22:57.370000000;1377;22
19-7-2018;4;00:00,0;26:50,0;18:25,3;Exercise 3;50;70;Pass;Technique ;0 days 00:08:24.620000000;504;8
19-7-2018;4;00:00,0;18:24,5;14:18,2;Exercise 2;58;70;Warming up & Cooling down;Physical;0 days 00:04:06.390000000;246;4
19-7-2018;4;00:00,0;22:11,4;12:27,4;Exercise 2;96;69;Set-Up;Technique ;0 days 00:09:44.070000000;584;9
19-7-2018;4;00:00,0;32:11,4;22:11,4;Exercise 3;22;69;Pass;Technique ;0 days 00:10:00.000000000;600;10
19-7-2018;4;00:00,0;39:05,0;33:48,7;Exercise 4;11;69;Complex technique;Technique ;0 days 00:05:16.320000000;316;5
19-7-2018;4;00:00,0;08:22,0;57:03,2;Exercise 7;36;70;5vs5;Complex 2;0 days 00:11:18.780000000;678;11
19-7-2018;4;00:00,0;28:35,8;17:45,3;Exercise 9;55;70;6vs6;Complex 2;0 days 00:10:50.570000000;650;10
19-7-2018;4;00:00,0;47:32,7;28:36,8;Exercise 10;46;70;six-six;Complex total;0 days 00:18:55.880000000;1135;18
19-7-2018;4;00:00,0;37:22,3;26:51,7;Exercise 4;98;70;Defense;Technique ;0 days 00:10:30.570000000;630;10
19-7-2018;4;00:00,0;48:56,8;38:37,9;Exercise 5;11;70;Complex technique;Technique ;0 days 00:10:18.920000000;618;10
19-7-2018;4;00:00,0;57:02,6;49:00,7;Exercise 6;35;70;pass-set-attack;Complex 1;0 days 00:08:01.930000000;481;8
19-7-2018;4;00:00,0;16:58,4;08:26,6;Exercise 8;97;70;six-six;Complex total;0 days 00:08:31.730000000;511;8
20-7-2018;4;00:00,0;17:11,1;06:38,3;Exercise 6;99;72;six-six;Complex total;0 days 00:10:32.800000000;632;10
20-7-2018;4;00:00,0;35:26,9;19:56,1;Exercise 1;53;72;Warming up & Cooling down;Physical;0 days 00:15:30.780000000;930;15
20-7-2018;4;00:00,0;41:29,7;35:57,5;Exercise 2;11;72;Complex technique;Technique ;0 days 00:05:32.210000000;332;5
20-7-2018;4;00:00,0;22:45,8;04:24,3;Exercise 1;48;71;Warming up & Cooling down;Physical;0 days 00:18:21.520000000;1101;18
20-7-2018;4;00:00,0;29:48,2;33:16,0;Exercise 3;10;71;Strength;Physical;0 days 00:56:32.200000000;3392;56
20-7-2018;4;00:00,0;50:01,1;42:33,7;Exercise 3;35;72;pass-set-attack;Complex 1;0 days 00:07:27.420000000;447;7
20-7-2018;4;00:00,0;55:57,1;36:22,0;Exercise 7;61;72;six-six;Complex total;0 days 00:19:35.160000000;1175;19
20-7-2018;4;00:00,0;05:02,1;50:58,0;Exercise 4;54;72;blok-defense;Complex 2;0 days 00:14:04.040000000;844;14
20-7-2018;4;00:00,0;06:36,9;05:11,5;Exercise 5;76;72;Serve;Technique ;0 days 00:01:25.390000000;85;1
20-7-2018;4;00:00,0;33:15,1;22:46,7;Exercise 2;47;71;Warming up & Cooling down;Physical;0 days 00:10:28.430000000;628;10
21-7-2018;4;;;;;;;;;;;
22-7-2018;4;;;;;;;;;;;
23-7-2018;4;00:00,0;15:59,3;20:48,3;Exercise 2;72;73;Strength;Physical;0 days 00:55:11.020000000;3311;55
23-7-2018;4;00:00,0;58:19,8;51:02,9;Exercise 2;100;74;Set-Up;Technique ;0 days 00:07:16.940000000;436;7
23-7-2018;4;00:00,0;20:43,4;06:48,4;Exercise 1;0;73;Warming up & Cooling down;Physical;0 days 00:13:55.020000000;835;13
23-7-2018;4;00:00,0;08:59,3;42:59,3;Exercise 4;33;73;Pass;Technique ;0 days 00:26:00.000000000;1560;26
23-7-2018;4;00:00,0;04:35,7;58:20,5;Exercise 3;11;74;Complex technique;Technique ;0 days 00:06:15.150000000;375;6
23-7-2018;4;00:00,0;51:02,4;34:28,6;Exercise 1;63;74;Warming up & Cooling down;Physical;0 days 00:16:33.810000000;993;16
23-7-2018;4;00:00,0;29:33,5;10:15,0;Exercise 8;46;74;six-six;Complex total;0 days 00:19:18.520000000;1158;19
23-7-2018;4;00:00,0;10:07,1;49:57,8;Exercise 7;101;74;6vs6;Complex 2;0 days 00:20:09.320000000;1209;20
23-7-2018;4;00:00,0;18:42,0;12:42,0;Exercise 9;102;74;Serve;Technique ;0 days 00:06:00.000000000;360;6
23-7-2018;4;00:00,0;12:42,0;04:36,4;Exercise 4;35;74;pass-set-attack;Complex 1;0 days 00:08:05.570000000;485;8
23-7-2018;4;00:00,0;26:41,8;19:51,8;Exercise 5;36;74;5vs5;Complex 2;0 days 00:06:49.970000000;409;6
23-7-2018;4;00:00,0;49:57,2;27:54,5;Exercise 6;54;74;blok-defense;Complex 2;0 days 00:22:02.740000000;1322;22
23-7-2018;4;00:00,0;42:59,3;15:59,3;Exercise 3;62;73;Defense;Technique ;0 days 00:27:00.000000000;1620;27
24-7-2018;4;00:00,0;34:06,9;09:07,1;Exercise 6;105;75;Team pass;Complex 1;0 days 00:24:59.750000000;1499;24
24-7-2018;4;00:00,0;07:48,3;49:51,4;Exercise 5;86;75;Team pass;Complex 1;0 days 00:17:56.900000000;1076;17
24-7-2018;4;00:00,0;47:52,6;34:43,6;Exercise 1;53;76;Warming up & Cooling down;Physical;0 days 00:13:09.010000000;789;13
24-7-2018;4;00:00,0;00:29,6;34:09,4;Exercise 7;31;75;Core;Physical;0 days 00:26:20.210000000;1580;26
24-7-2018;4;00:00,0;33:08,2;13:25,4;Exercise 2;103;75;Specific power;Physical;0 days 00:19:42.730000000;1182;19
24-7-2018;4;00:00,0;13:24,6;03:22,3;Exercise 1;48;75;Warming up & Cooling down;Physical;0 days 00:10:02.340000000;602;10
24-7-2018;4;00:00,0;49:49,9;44:49,4;Exercise 4;11;75;Complex technique;Technique ;0 days 00:05:00.460000000;300;5
24-7-2018;4;00:00,0;44:48,2;35:49,3;Exercise 3;104;75;Setting;Technique ;0 days 00:08:58.920000000;538;8
24-7-2018;4;00:00,0;29:24,3;22:23,9;Exercise 6;102;76;Serve;Technique ;0 days 00:07:00.410000000;420;7
24-7-2018;4;00:00,0;03:39,6;44:15,5;Exercise 8;56;76;six-six;Complex total;0 days 00:19:24.150000000;1164;19
24-7-2018;4;00:00,0;41:05,6;35:56,7;Exercise 10;106;76;Warming up & Cooling down;Physical;0 days 00:05:08.900000000;308;5
24-7-2018;4;00:00,0;01:12,0;56:36,2;Exercise 3;11;76;Complex technique;Technique ;0 days 00:04:35.810000000;275;4
24-7-2018;4;00:00,0;56:36,9;47:53,4;Exercise 2;50;76;Pass;Technique ;0 days 00:08:43.540000000;523;8
24-7-2018;4;00:00,0;22:20,9;14:15,0;Exercise 5;24;76;Attack;Technique ;0 days 00:08:05.930000000;485;8
24-7-2018;4;00:00,0;14:14,3;01:13,9;Exercise 4;16;76;Defense;Technique ;0 days 00:13:00.340000000;780;13
24-7-2018;4;00:00,0;42:01,5;31:44,0;Exercise 7;80;76;6vs6;Complex 2;0 days 00:10:17.540000000;617;10
25-7-2018;4;00:00,0;25:51,6;32:21,2;Exercise 4;62;77;Defense;Technique ;0 days 00:53:30.400000000;3210;53
25-7-2018;4;00:00,0;32:19,9;31:38,5;Exercise 3;72;77;Strength;Physical;0 days 01:00:41.400000000;3641;60
25-7-2018;4;00:00,0;19:15,0;05:17,5;Exercise 1;0;77;Warming up & Cooling down;Physical;0 days 00:13:57.430000000;837;13
25-7-2018;4;00:00,0;27:00,8;25:53,2;Exercise 6;11;77;Complex technique;Technique ;0 days 00:01:07.540000000;67;1
25-7-2018;4;00:00,0;45:45,2;37:53,9;Exercise 8;76;77;Serve;Technique ;0 days 00:07:51.270000000;471;7
25-7-2018;4;00:00,0;37:53,2;27:03,1;Exercise 7;107;77;set-attack;Complex 1;0 days 00:10:50.080000000;650;10
25-7-2018;4;00:00,0;31:38,5;19:15,7;Exercise 2;38;77;Core;Physical;0 days 00:12:22.800000000;742;12
26-7-2018;4;00:00,0;10:28,3;00:19,1;Exercise 3;89;78;Defense;Technique ;0 days 00:10:09.230000000;609;10
26-7-2018;4;00:00,0;54:36,1;36:47,0;Exercise 1;53;78;Warming up & Cooling down;Physical;0 days 00:17:49.140000000;1069;17
26-7-2018;4;00:00,0;00:17,9;55:11,1;Exercise 2;100;78;Set-Up;Technique ;0 days 00:05:06.770000000;306;5
26-7-2018;4;00:00,0;16:28,3;10:28,3;Exercise 4;11;78;Complex technique;Technique ;0 days 00:06:00.000000000;360;6
26-7-2018;4;00:00,0;02:46,1;41:32,2;Exercise 8;74;78;6vs6;Complex 2;0 days 01:21:13.810000000;4873;81
26-7-2018;4;00:00,0;23:37,8;16:28,3;Exercise 5;35;78;pass-set-attack;Complex 1;0 days 00:07:09.430000000;429;7
26-7-2018;4;00:00,0;39:51,7;32:38,6;Exercise 6;76;78;Serve;Technique ;0 days 00:07:13.080000000;433;7
26-7-2018;4;00:00,0;30:37,8;23:37,8;Exercise 7;108;78;Test;Physical;0 days 00:07:00.000000000;420;7
27-7-2018;4;00:00,0;25:07,1;17:11,7;Exercise 5;84;79;Team pass;Complex 1;0 days 00:07:55.460000000;475;7
27-7-2018;4;00:00,0;17:10,7;17:07,1;Exercise 4;50;79;Pass;Technique ;0 days 00:00:03.640000000;3;0
27-7-2018;4;00:00,0;34:38,9;22:56,7;Exercise 6;72;79;Strength;Physical;0 days 01:11:42.170000000;4302;71
27-7-2018;4;00:00,0;22:53,2;15:34,3;Exercise 2;47;79;Warming up & Cooling down;Physical;0 days 00:07:18.850000000;438;7
27-7-2018;4;00:00,0;15:33,8;03:23,0;Exercise 1;0;79;Warming up & Cooling down;Physical;0 days 00:12:10.770000000;730;12
27-7-2018;4;00:00,0;17:06,2;39:56,8;Exercise 3;109;79;Pass;Technique ;0 days 00:37:09.420000000;2229;37
28-7-2018;4;00:00,0;45:04,6;33:14,0;Exercise 4;55;80;6vs6;Complex 2;0 days 00:11:50.600000000;710;11
28-7-2018;4;00:00,0;33:10,0;23:06,9;Exercise 3;35;80;pass-set-attack;Complex 1;0 days 00:10:03.150000000;603;10
28-7-2018;4;00:00,0;18:55,0;04:20,9;Exercise 1;53;80;Warming up & Cooling down;Physical;0 days 00:14:34.060000000;874;14
28-7-2018;4;00:00,0;30:22,1;47:04,6;Exercise 5;46;80;six-six;Complex total;0 days 00:43:17.430000000;2597;43
28-7-2018;4;00:00,0;02:34,4;48:34,4;Exercise 7;110;80;Match;Match;0 days 00:14:00.000000000;840;14
28-7-2018;4;00:00,0;48:34,4;32:34,4;Exercise 6;81;80;six-six;Complex total;0 days 00:16:00.000000000;960;16
28-7-2018;4;00:00,0;23:05,8;18:56,0;Exercise 2;11;80;Complex technique;Technique ;0 days 00:04:09.800000000;249;4
29-7-2018;4;;;;;;;;;;;
30-7-2018;4;00:00,0;49:08,5;35:59,2;Exercise 1;63;82;Warming up & Cooling down;Physical;0 days 00:13:09.290000000;789;13
30-7-2018;4;00:00,0;09:11,1;50:10,6;Exercise 4;8;81;Technique team individueel;Technique ;0 days 00:19:00.470000000;1140;19
30-7-2018;4;00:00,0;05:39,1;57:09,3;Exercise 3;35;82;pass-set-attack;Complex 1;0 days 00:08:29.830000000;509;8
30-7-2018;4;00:00,0;56:09,3;49:08,5;Exercise 2;11;82;Complex technique;Technique ;0 days 00:07:00.780000000;420;7
30-7-2018;4;00:00,0;25:54,9;20:10,4;Exercise 2;72;81;Strength;Physical;0 days 01:05:44.430000000;3944;65
30-7-2018;4;00:00,0;50:10,6;25:55,5;Exercise 3;111;81;Defense;Technique ;0 days 00:24:15.120000000;1455;24
30-7-2018;4;00:00,0;20:09,6;02:05,6;Exercise 1;0;81;Warming up & Cooling down;Physical;0 days 00:18:04.010000000;1084;18
30-7-2018;4;00:00,0;49:22,2;39:36,0;Exercise 7;99;82;six-six;Complex total;0 days 00:09:46.260000000;586;9
30-7-2018;4;00:00,0;07:51,7;04:09,2;Exercise 9;76;82;Serve;Technique ;0 days 00:03:42.500000000;222;3
30-7-2018;4;00:00,0;20:20,4;05:40,7;Exercise 4;54;82;blok-defense;Complex 2;0 days 00:14:39.700000000;879;14
30-7-2018;4;00:00,0;36:44,8;29:38,7;Exercise 6;55;82;6vs6;Complex 2;0 days 00:07:06.070000000;426;7
30-7-2018;4;00:00,0;29:36,2;20:20,9;Exercise 5;36;82;5vs5;Complex 2;0 days 00:09:15.310000000;555;9
30-7-2018;4;00:00,0;55:31,5;07:52,3;Exercise 8;46;82;six-six;Complex total;0 days 00:47:39.260000000;2859;47
31-7-2018;4;00:00,0;15:18,1;53:38,1;Exercise 5;86;83;Team pass;Complex 1;0 days 00:21:40.030000000;1300;21
31-7-2018;4;00:00,0;53:37,5;49:35,3;Exercise 4;11;83;Complex technique;Technique ;0 days 00:04:02.240000000;242;4
31-7-2018;4;00:00,0;58:30,1;35:06,0;Exercise 7;31;83;Core;Physical;0 days 00:23:24.110000000;1404;23
31-7-2018;4;00:00,0;34:05,1;15:19,0;Exercise 6;104;83;Setting;Technique ;0 days 00:18:46.070000000;1126;18
31-7-2018;4;00:00,0;41:38,8;23:45,4;Exercise 2;103;83;Specific power;Physical;0 days 00:17:53.380000000;1073;17
31-7-2018;4;00:00,0;23:44,3;07:59,3;Exercise 1;48;83;Warming up & Cooling down;Physical;0 days 00:15:45.030000000;945;15
31-7-2018;4;00:00,0;40:30,0;10:57,5;Exercise 4;81;84;six-six;Complex total;0 days 00:29:32.500000000;1772;29
31-7-2018;4;00:00,0;26:31,1;40:30,0;Exercise 5;110;84;Match;Match;0 days 00:46:01.070000000;2761;46
31-7-2018;4;00:00,0;09:32,6;05:59,0;Exercise 6;71;84;Serve;Technique ;0 days 00:03:33.600000000;213;3
31-7-2018;4;00:00,0;48:46,4;37:07,2;Exercise 1;53;84;Warming up & Cooling down;Physical;0 days 00:11:39.130000000;699;11
31-7-2018;4;00:00,0;05:58,2;56:14,4;Exercise 3;35;84;pass-set-attack;Complex 1;0 days 00:09:43.730000000;583;9
31-7-2018;4;00:00,0;56:14,4;48:47,1;Exercise 2;11;84;Complex technique;Technique ;0 days 00:07:27.330000000;447;7
31-7-2018;4;00:00,0;49:34,4;42:49,5;Exercise 3;4;83;Set-Up;Technique ;0 days 00:06:44.860000000;404;6
1-8-2018;4;00:00,0;10:30,6;50:02,7;Exercise 3;113;85;Strength;Physical;0 days 01:20:27.980000000;4827;80
1-8-2018;4;00:00,0;24:38,5;23:28,0;Exercise 4;1;85;Warming up & Cooling down;Physical;0 days 00:01:10.500000000;70;1
1-8-2018;4;00:00,0;37:04,1;34:15,5;Exercise 1;112;85;Warming up & Cooling down;Physical;0 days 00:02:48.520000000;168;2
1-8-2018;4;00:00,0;50:02,1;37:04,9;Exercise 2;47;85;Warming up & Cooling down;Physical;0 days 00:12:57.200000000;777;12
1-8-2018;4;00:00,0;05:45,9;40:14,7;Exercise 8;61;85;six-six;Complex total;0 days 00:25:31.200000000;1531;25
1-8-2018;4;00:00,0;29:04,6;24:39,0;Exercise 5;11;85;Complex technique;Technique ;0 days 00:04:25.560000000;265;4
1-8-2018;4;00:00,0;36:22,2;29:05,6;Exercise 6;24;85;Attack;Technique ;0 days 00:07:16.610000000;436;7
1-8-2018;4;00:00,0;40:13,1;36:23,6;Exercise 7;71;85;Serve;Technique ;0 days 00:03:49.470000000;229;3
2-8-2018;4;00:00,0;05:11,7;59:43,2;Exercise 3;4;86;Set-Up;Technique ;0 days 00:05:28.590000000;328;5
2-8-2018;4;00:00,0;10:34,0;05:12,8;Exercise 4;11;86;Complex technique;Technique ;0 days 00:05:21.210000000;321;5
2-8-2018;4;00:00,0;19:25,3;10:34,8;Exercise 5;35;86;pass-set-attack;Complex 1;0 days 00:08:50.470000000;530;8
2-8-2018;4;00:00,0;51:04,9;38:35,1;Exercise 1;0;86;Warming up & Cooling down;Physical;0 days 00:12:29.730000000;749;12
2-8-2018;4;00:00,0;59:42,3;51:57,2;Exercise 2;92;86;Complex technique;Technique ;0 days 00:07:45.060000000;465;7
2-8-2018;4;00:00,0;53:07,3;36:28,2;Exercise 8;62;86;Team pass;Complex 1;0 days 00:16:39.010000000;999;16
2-8-2018;4;00:00,0;59:29,8;53:08,3;Exercise 9;76;86;Serve;Technique ;0 days 00:06:21.550000000;381;6
2-8-2018;4;00:00,0;26:49,0;19:26,8;Exercise 6;36;86;5vs5;Complex 2;0 days 00:07:22.200000000;442;7
2-8-2018;4;00:00,0;34:47,0;26:49,8;Exercise 7;114;86;block-defense-attack;Complex 2;0 days 00:07:57.220000000;477;7
3-8-2018;4;00:00,0;55:56,9;53:12,5;Exercise 4;53;87;Warming up & Cooling down;Physical;0 days 00:02:44.430000000;164;2
3-8-2018;4;00:00,0;07:37,1;01:41,1;Exercise 6;4;87;Set-Up;Technique ;0 days 00:05:56.050000000;356;5
3-8-2018;4;00:00,0;01:40,3;55:59,2;Exercise 5;92;87;Complex technique;Technique ;0 days 00:05:41.090000000;341;5
3-8-2018;4;00:00,0;50:20,9;46:56,4;Exercise 2;25;87;Specific power;Physical;0 days 00:03:24.520000000;204;3
3-8-2018;4;00:00,0;46:55,1;35:29,5;Exercise 1;0;87;Warming up & Cooling down;Physical;0 days 00:11:25.570000000;685;11
3-8-2018;4;00:00,0;53:11,6;50:21,7;Exercise 3;58;87;Warming up & Cooling down;Physical;0 days 00:02:49.940000000;169;2
3-8-2018;4;00:00,0;53:07,8;38:07,8;Exercise 10;84;87;Team pass;Complex 1;0 days 00:15:00.000000000;900;15
3-8-2018;4;00:00,0;30:09,3;30:09,3;Exercise 2;115;89;Friendly;Competition;0 days 02:00:00.000000000;7200;120
3-8-2018;4;00:00,0;30:09,3;50:08,7;Exercise 1;82;89;Warming up & Cooling down;Physical;0 days 00:40:00.550000000;2400;40
3-8-2018;4;00:00,0;25:44,0;11:41,6;Exercise 8;84;87;Team pass;Complex 1;0 days 00:14:02.420000000;842;14
3-8-2018;4;00:00,0;11:14,8;07:37,9;Exercise 7;11;87;Complex technique;Technique ;0 days 00:03:36.920000000;216;3
3-8-2018;4;00:00,0;38:07,8;27:44,7;Exercise 9;76;87;Serve;Technique ;0 days 00:10:23.090000000;623;10
4-8-2018;4;00:00,0;16:21,1;08:26,0;Exercise 4;92;88;Complex technique;Technique ;0 days 00:07:55.060000000;475;7
4-8-2018;4;00:00,0;37:18,2;23:18,2;Exercise 6;84;88;Team pass;Complex 1;0 days 00:14:00.000000000;840;14
4-8-2018;4;00:00,0;23:16,4;17:13,8;Exercise 5;11;88;Complex technique;Technique ;0 days 00:06:02.610000000;362;6
4-8-2018;4;00:00,0;05:01,4;00:04,6;Exercise 2;25;88;Specific power;Physical;0 days 00:04:56.810000000;296;4
4-8-2018;4;00:00,0;08:25,4;05:03,7;Exercise 3;53;88;Warming up & Cooling down;Physical;0 days 00:03:21.700000000;201;3
4-8-2018;4;00:00,0;00:01,2;48:55,8;Exercise 1;0;88;Warming up & Cooling down;Physical;0 days 00:11:05.420000000;665;11
4-8-2018;4;00:00,0;30:09,3;50:08,7;Exercise 1;82;91;Warming up & Cooling down;Physical;0 days 00:40:00.550000000;2400;40
4-8-2018;4;00:00,0;00:09,3;30:09,3;Exercise 2;115;91;Friendly;Competition;0 days 02:30:00.000000000;9000;150
4-8-2018;4;00:00,0;01:19,0;37:18,2;Exercise 7;62;88;Team pass;Complex 1;0 days 00:24:00.810000000;1440;24
5-8-2018;4;;;;;;;;;;;
6-8-2018;4;;;;;;;;;;;
7-8-2018;4;00:00,0;55:51,9;49:34,5;Exercise 5;11;90;Complex technique;Technique ;0 days 00:06:17.420000000;377;6
7-8-2018;4;00:00,0;49:34,1;40:43,1;Exercise 4;89;90;Defense;Technique ;0 days 00:08:51.030000000;531;8
7-8-2018;4;00:00,0;05:38,6;56:12,5;Exercise 6;116;90;set-attack;Complex 1;0 days 00:09:26.080000000;566;9
7-8-2018;4;00:00,0;21:16,2;11:08,5;Exercise 1;0;90;Warming up & Cooling down;Physical;0 days 00:10:07.670000000;607;10
7-8-2018;4;00:00,0;34:02,8;21:16,8;Exercise 2;25;90;Specific power;Physical;0 days 00:12:46.020000000;766;12
7-8-2018;4;00:00,0;24:30,4;54:02,8;Exercise 9;56;90;six-six;Complex total;0 days 00:30:27.520000000;1827;30
7-8-2018;4;00:00,0;54:01,1;49:24,1;Exercise 11;71;90;Serve;Technique ;0 days 00:04:37.030000000;277;4
7-8-2018;4;00:00,0;13:41,7;05:39,5;Exercise 7;54;90;blok-defense;Complex 2;0 days 00:08:02.160000000;482;8
7-8-2018;4;00:00,0;35:39,3;16:07,8;Exercise 8;117;90;pass-set-attack-cover-rally attack;Complex 1;0 days 00:19:31.470000000;1171;19
7-8-2018;4;00:00,0;40:41,8;34:03,4;Exercise 3;2;90;Complex technique;Technique ;0 days 00:06:38.410000000;398;6
8-8-2018;4;00:00,0;27:26,2;18:32,1;Exercise 2;92;92;Complex technique;Technique ;0 days 00:08:54.070000000;534;8
8-8-2018;4;00:00,0;14:51,8;03:28,0;Exercise 5;113;92;Strength;Physical;0 days 01:11:23.770000000;4283;71
8-8-2018;4;00:00,0;29:13,5;23:13,1;Exercise 2;11;93;Complex technique;Technique ;0 days 00:06:00.370000000;360;6
8-8-2018;4;00:00,0;23:12,6;07:58,8;Exercise 1;67;93;Warming up & Cooling down;Physical;0 days 00:15:13.870000000;913;15
8-8-2018;4;00:00,0;03:27,8;48:45,9;Exercise 4;62;92;Team pass;Complex 1;0 days 00:14:41.910000000;881;14
8-8-2018;4;00:00,0;48:44,7;27:27,0;Exercise 3;40;92;Team pass;Complex 1;0 days 00:21:17.650000000;1277;21
8-8-2018;4;00:00,0;18:31,4;03:56,0;Exercise 1;48;92;Warming up & Cooling down;Physical;0 days 00:14:35.340000000;875;14
8-8-2018;4;00:00,0;31:14,3;07:26,6;Exercise 7;57;93;six-six;Complex total;0 days 00:23:47.660000000;1427;23
8-8-2018;4;00:00,0;03:10,1;49:41,5;Exercise 6;55;93;6vs6;Complex 2;0 days 00:13:28.600000000;808;13
8-8-2018;4;00:00,0;06:43,7;03:14,2;Exercise 8;76;93;Serve;Technique ;0 days 00:03:29.480000000;209;3
8-8-2018;4;00:00,0;32:52,8;29:14,3;Exercise 3;116;93;set-attack;Complex 1;0 days 00:03:38.510000000;218;3
8-8-2018;4;00:00,0;37:47,9;32:53,9;Exercise 4;35;93;pass-set-attack;Complex 1;0 days 00:04:54.030000000;294;4
8-8-2018;4;00:00,0;49:40,7;38:39,6;Exercise 5;36;93;5vs5;Complex 2;0 days 00:11:01.070000000;661;11
9-8-2018;4;00:00,0;30:47,4;25:01,1;Exercise 4;4;94;Set-Up;Technique ;0 days 00:05:46.360000000;346;5
9-8-2018;4;00:00,0;36:36,0;30:48,1;Exercise 5;11;94;Complex technique;Technique ;0 days 00:05:47.890000000;347;5
9-8-2018;4;00:00,0;14:43,5;57:47,9;Exercise 1;67;94;Warming up & Cooling down;Physical;0 days 00:16:55.670000000;1015;16
9-8-2018;4;00:00,0;18:33,5;14:44,2;Exercise 2;53;94;Warming up & Cooling down;Physical;0 days 00:03:49.250000000;229;3
9-8-2018;4;00:00,0;25:00,3;18:34,2;Exercise 3;92;94;Complex technique;Technique ;0 days 00:06:26.080000000;386;6
9-8-2018;4;00:00,0;33:35,5;13:54,0;Exercise 10;76;94;Serve;Technique ;0 days 00:19:41.430000000;1181;19
9-8-2018;4;00:00,0;55:35,8;46:18,3;Exercise 7;35;94;pass-set-attack;Complex 1;0 days 00:09:17.470000000;557;9
9-8-2018;4;00:00,0;45:38,2;36:36,0;Exercise 6;116;94;set-attack;Complex 1;0 days 00:09:02.210000000;542;9
9-8-2018;4;00:00,0;01:48,0;56:20,1;Exercise 8;36;94;5vs5;Complex 2;0 days 00:05:27.860000000;327;5
9-8-2018;4;00:00,0;07:27,8;01:48,0;Exercise 9;118;94;6vs6;Complex 2;0 days 00:05:39.800000000;339;5
10-8-2018;4;00:00,0;19:39,4;15:52,5;Exercise 3;4;95;Set-Up;Technique ;0 days 00:03:46.910000000;226;3
10-8-2018;4;00:00,0;24:40,6;19:40,0;Exercise 4;11;95;Complex technique;Technique ;0 days 00:05:00.570000000;300;5
10-8-2018;4;00:00,0;07:33,9;52:21,9;Exercise 1;53;95;Warming up & Cooling down;Physical;0 days 00:15:12.010000000;912;15
10-8-2018;4;00:00,0;15:48,2;07:34,7;Exercise 2;92;95;Complex technique;Technique ;0 days 00:08:13.450000000;493;8
10-8-2018;4;00:00,0;00:45,0;00:45,0;Exercise 2;119;97;Friendly;Competition;0 days 02:00:00.000000000;7200;120
10-8-2018;4;00:00,0;39:45,0;24:41,9;Exercise 5;76;95;Serve;Technique ;0 days 00:15:03.090000000;903;15
10-8-2018;4;00:00,0;51:45,0;39:45,0;Exercise 6;62;95;Pass;Technique ;0 days 00:12:00.000000000;720;12
10-8-2018;4;00:00,0;00:45,0;20:44,4;Exercise 1;82;97;Warming up & Cooling down;Physical;0 days 00:40:00.530000000;2400;40
11-8-2018;4;00:00,0;30:25,4;15:25,4;Exercise 2;25;99;Specific power;Physical;0 days 00:15:00.000000000;900;15
11-8-2018;4;00:00,0;15:25,4;00:25,4;Exercise 1;48;99;Warming up & Cooling down;Physical;0 days 00:15:00.000000000;900;15
11-8-2018;4;00:00,0;30:46,2;30:45,0;Exercise 2;119;96;Friendly;Competition;0 days 02:00:01.210000000;7201;120
11-8-2018;4;00:00,0;30:45,0;50:44,4;Exercise 1;82;96;Warming up & Cooling down;Physical;0 days 00:40:00.530000000;2400;40
12-8-2018;4;00:00,0;45:40,6;32:45,3;Exercise 1;47;98;Warming up & Cooling down;Physical;0 days 00:12:55.300000000;775;12
12-8-2018;4;00:00,0;45:00,6;45:41,6;Exercise 2;72;98;Strength;Physical;0 days 00:59:18.940000000;3558;59
13-8-2018;4;;;;;;;;;;;
14-8-2018;4;00:00,0;51:51,5;45:44,1;Exercise 4;35;100;pass-set-attack;Complex 1;0 days 00:06:07.360000000;367;6
14-8-2018;4;00:00,0;56:48,0;51:52,2;Exercise 5;36;100;5vs5;Complex 2;0 days 00:04:55.810000000;295;4
14-8-2018;4;00:00,0;26:07,5;08:31,1;Exercise 1;0;100;Warming up & Cooling down;Physical;0 days 00:17:36.430000000;1056;17
14-8-2018;4;00:00,0;45:43,4;36:22,3;Exercise 3;116;100;set-attack;Complex 1;0 days 00:09:21.170000000;561;9
14-8-2018;4;00:00,0;33:09,0;26:07,5;Exercise 2;11;100;Complex technique;Technique ;0 days 00:07:01.500000000;421;7
14-8-2018;4;00:00,0;13:08,0;46:02,6;Exercise 8;56;100;six-six;Complex total;0 days 00:27:05.400000000;1625;27
14-8-2018;4;00:00,0;28:52,4;13:45,2;Exercise 10;62;100;Pass;Technique ;0 days 00:15:07.180000000;907;15
14-8-2018;4;00:00,0;42:16,3;16:19,2;Exercise 7;55;100;6vs6;Complex 2;0 days 00:25:57.100000000;1557;25
14-8-2018;4;00:00,0;12:34,0;56:59,6;Exercise 6;80;100;6vs6;Complex 2;0 days 00:15:34.400000000;934;15
14-8-2018;4;00:00,0;36:19,2;33:13,2;Exercise 9;76;100;Serve;Technique ;0 days 00:03:06.070000000;186;3
15-8-2018;4;00:00,0;40:29,0;34:40,5;Exercise 5;36;101;5vs5;Complex 2;0 days 00:05:48.480000000;348;5
15-8-2018;4;00:00,0;24:07,8;21:07,8;Exercise 3;76;101;Serve;Technique ;0 days 00:03:00.000000000;180;3
15-8-2018;4;00:00,0;34:39,9;24:07,8;Exercise 4;59;101;pass-set-attack;Complex 1;0 days 00:10:32.170000000;632;10
15-8-2018;4;00:00,0;15:19,2;03:57,9;Exercise 1;67;101;Warming up & Cooling down;Physical;0 days 00:11:21.340000000;681;11
15-8-2018;4;00:00,0;51:50,1;40:30,2;Exercise 6;120;101;6vs6;Complex 2;0 days 00:11:19.840000000;679;11
15-8-2018;4;00:00,0;44:00,7;10:32,2;Exercise 8;57;101;six-six;Complex total;0 days 00:33:28.540000000;2008;33
15-8-2018;4;00:00,0;58:35,9;50:16,8;Exercise 1;113;102;Strength;Physical;0 days 01:08:19.070000000;4099;68
15-8-2018;4;00:00,0;21:07,8;15:20,3;Exercise 2;11;101;Complex technique;Technique ;0 days 00:05:47.430000000;347;5
15-8-2018;4;00:00,0;06:09,4;52:14,4;Exercise 7;55;101;6vs6;Complex 2;0 days 00:13:54.930000000;834;13
16-8-2018;4;;;;;;;;;;;
17-8-2018;4;;;;;;;;;;;
18-8-2018;4;00:00,0;24:28,2;15:51,3;Exercise 7;35;103;pass-set-attack;Complex 1;0 days 00:08:36.930000000;516;8
18-8-2018;4;00:00,0;32:40,6;24:29,0;Exercise 8;36;103;5vs5;Complex 2;0 days 00:08:11.550000000;491;8
18-8-2018;4;00:00,0;26:24,3;04:48,3;Exercise 11;84;103;Team pass;Complex 1;0 days 00:21:35.930000000;1295;21
18-8-2018;4;00:00,0;45:45,0;32:47,0;Exercise 9;120;103;6vs6;Complex 2;0 days 00:12:57.900000000;777;12
18-8-2018;4;00:00,0;59:47,5;46:07,7;Exercise 10;70;103;6vs6;Complex 2;0 days 00:13:39.760000000;819;13
18-8-2018;4;00:00,0;48:53,0;35:34,3;Exercise 1;0;103;Warming up & Cooling down;Physical;0 days 00:13:18.730000000;798;13
18-8-2018;4;00:00,0;53:19,0;51:17,2;Exercise 3;53;103;Warming up & Cooling down;Physical;0 days 00:02:01.840000000;121;2
18-8-2018;4;00:00,0;14:30,9;09:48,4;Exercise 6;11;103;Complex technique;Technique ;0 days 00:04:42.560000000;282;4
18-8-2018;4;00:00,0;09:47,6;01:47,0;Exercise 5;4;103;Set-Up;Technique ;0 days 00:08:00.670000000;480;8
18-8-2018;4;00:00,0;01:46,1;53:25,4;Exercise 4;92;103;Complex technique;Technique ;0 days 00:08:20.690000000;500;8
18-8-2018;4;00:00,0;51:14,8;48:53,7;Exercise 2;58;103;Warming up & Cooling down;Physical;0 days 00:02:21.040000000;141;2
18-8-2018;4;00:00,0;11:57,1;10:35,3;Exercise 7;121;104;pass-set-attack;Complex 1;0 days 00:01:21.810000000;81;1
18-8-2018;4;00:00,0;41:23,8;30:23,4;Exercise 9;84;104;Team pass;Complex 1;0 days 00:11:00.400000000;660;11
18-8-2018;4;00:00,0;15:42,1;45:42,1;Exercise 2;122;107;Friendly;Competition;0 days 01:30:00.000000000;5400;90
18-8-2018;4;00:00,0;45:42,1;05:42,1;Exercise 1;82;107;Warming up & Cooling down;Physical;0 days 00:40:00.000000000;2400;40
18-8-2018;4;00:00,0;50:27,1;47:34,5;Exercise 3;58;104;Warming up & Cooling down;Physical;0 days 00:02:52.540000000;172;2
18-8-2018;4;00:00,0;39:54,8;33:38,4;Exercise 1;48;104;Warming up & Cooling down;Physical;0 days 00:06:16.430000000;376;6
18-8-2018;4;00:00,0;47:33,4;39:55,2;Exercise 2;0;104;Warming up & Cooling down;Physical;0 days 00:07:38.190000000;458;7
18-8-2018;4;00:00,0;06:12,0;00:26,5;Exercise 5;4;104;Set-Up;Technique ;0 days 00:05:45.560000000;345;5
18-8-2018;4;00:00,0;10:35,3;06:24,5;Exercise 6;11;104;Complex technique;Technique ;0 days 00:04:10.810000000;250;4
18-8-2018;4;00:00,0;00:18,6;50:28,9;Exercise 4;25;104;Specific power;Physical;0 days 00:09:49.740000000;589;9
18-8-2018;4;00:00,0;30:23,4;12:00,8;Exercise 8;76;104;Serve;Technique ;0 days 00:18:22.660000000;1102;18
19-8-2018;4;00:00,0;00:48,2;45:47,7;Exercise 1;47;106;Warming up & Cooling down;Physical;0 days 00:15:00.480000000;900;15
19-8-2018;4;00:00,0;58:49,3;00:48,9;Exercise 2;72;106;Strength;Physical;0 days 00:58:00.490000000;3480;58
20-8-2018;4;00:00,0;46:05,6;39:04,1;Exercise 9;85;105;Serve;Technique ;0 days 00:07:01.480000000;421;7
20-8-2018;4;00:00,0;35:42,1;45:42,1;Exercise 2;122;109;Friendly;Competition;0 days 01:50:00.000000000;6600;110
20-8-2018;4;00:00,0;45:42,1;05:42,1;Exercise 1;82;109;Warming up & Cooling down;Physical;0 days 00:40:00.000000000;2400;40
20-8-2018;4;00:00,0;51:56,0;50:00,4;Exercise 3;53;105;Warming up & Cooling down;Physical;0 days 00:01:55.620000000;115;1
20-8-2018;4;00:00,0;59:00,1;51:56,7;Exercise 4;92;105;Complex technique;Technique ;0 days 00:07:03.340000000;423;7
20-8-2018;4;00:00,0;49:59,5;45:59,7;Exercise 2;0;105;Warming up & Cooling down;Physical;0 days 00:03:59.840000000;239;3
20-8-2018;4;00:00,0;45:58,8;38:01,1;Exercise 1;48;105;Warming up & Cooling down;Physical;0 days 00:07:57.760000000;477;7
20-8-2018;4;00:00,0;21:23,9;09:41,4;Exercise 7;35;105;pass-set-attack;Complex 1;0 days 00:11:42.460000000;702;11
20-8-2018;4;00:00,0;39:04,1;21:25,4;Exercise 8;84;105;Team pass;Complex 1;0 days 00:17:38.670000000;1058;17
20-8-2018;4;00:00,0;02:14,2;59:00,7;Exercise 5;4;105;Set-Up;Technique ;0 days 00:03:13.500000000;193;3
20-8-2018;4;00:00,0;09:40,5;02:25,6;Exercise 6;11;105;Complex technique;Technique ;0 days 00:07:14.900000000;434;7
21-8-2018;4;00:00,0;59:47,1;59:45,9;Exercise 2;113;108;Strength;Physical;0 days 01:00:01.150000000;3601;60
21-8-2018;4;00:00,0;59:45,9;45:45,6;Exercise 1;47;108;Warming up & Cooling down;Physical;0 days 00:14:00.360000000;840;14
22-8-2018;4;00:00,0;15:28,3;12:01,3;Exercise 3;92;110;Complex technique;Technique ;0 days 00:03:26.990000000;206;3
22-8-2018;4;00:00,0;05:01,7;47:26,1;Exercise 8;84;110;Team pass;Complex 1;0 days 00:17:35.530000000;1055;17
22-8-2018;4;00:00,0;47:26,1;34:04,2;Exercise 7;35;110;pass-set-attack;Complex 1;0 days 00:13:21.950000000;801;13
22-8-2018;4;00:00,0;34:02,1;28:58,7;Exercise 6;11;110;Complex technique;Technique ;0 days 00:05:03.380000000;303;5
22-8-2018;4;00:00,0;15:42,1;00:42,1;Exercise 2;122;111;Friendly;Competition;0 days 01:15:00.000000000;4500;75
22-8-2018;4;00:00,0;00:42,1;15:42,1;Exercise 1;82;111;Warming up & Cooling down;Physical;0 days 00:45:00.000000000;2700;45
22-8-2018;4;00:00,0;11:59,8;09:23,1;Exercise 2;53;110;Warming up & Cooling down;Physical;0 days 00:02:36.640000000;156;2
22-8-2018;4;00:00,0;09:22,4;54:53,7;Exercise 1;48;110;Warming up & Cooling down;Physical;0 days 00:14:28.690000000;868;14
22-8-2018;4;00:00,0;28:09,4;21:09,2;Exercise 5;12;110;Pass;Technique ;0 days 00:07:00.200000000;420;7
22-8-2018;4;00:00,0;21:08,5;15:29,1;Exercise 4;4;110;Set-Up;Technique ;0 days 00:05:39.390000000;339;5
23-8-2018;4;;;;;;;;;;;
24-8-2018;4;;;;;;;;;;;
25-8-2018;4;;;;;;;;;;;
26-8-2018;4;;;;;;;;;;;
27-8-2018;4;00:00,0;35:13,0;26:42,5;Exercise 2;58;112;Warming up & Cooling down;Physical;0 days 00:08:30.460000000;510;8
27-8-2018;4;00:00,0;55:19,0;48:55,4;Exercise 3;11;113;Complex technique;Technique ;0 days 00:06:23.620000000;383;6
27-8-2018;4;00:00,0;26:41,7;07:06,2;Exercise 1;0;112;Warming up & Cooling down;Physical;0 days 00:19:35.570000000;1175;19
27-8-2018;4;00:00,0;48:54,8;42:17,8;Exercise 2;63;113;Warming up & Cooling down;Physical;0 days 00:06:36.960000000;396;6
27-8-2018;4;00:00,0;42:17,1;34:11,5;Exercise 1;67;113;Warming up & Cooling down;Physical;0 days 00:08:05.610000000;485;8
27-8-2018;4;00:00,0;15:20,4;40:51,1;Exercise 4;8;112;Technique team individueel;Technique ;0 days 00:34:29.300000000;2069;34
27-8-2018;4;00:00,0;40:51,1;35:14,4;Exercise 3;72;112;Strength;Physical;0 days 01:05:36.700000000;3936;65
27-8-2018;4;00:00,0;51:03,2;36:32,1;Exercise 8;120;113;6vs6;Complex 2;0 days 00:14:31.140000000;871;14
27-8-2018;4;00:00,0;08:32,4;56:55,4;Exercise 4;59;113;pass-set-attack;Complex 1;0 days 00:11:37.010000000;697;11
27-8-2018;4;00:00,0;28:57,4;55:02,9;Exercise 10;57;113;six-six;Complex total;0 days 00:33:54.460000000;2034;33
27-8-2018;4;00:00,0;17:25,2;08:33,0;Exercise 5;54;113;blok-defense;Complex 2;0 days 00:08:52.200000000;532;8
27-8-2018;4;00:00,0;36:22,9;24:15,1;Exercise 7;55;113;6vs6;Complex 2;0 days 00:12:07.780000000;727;12
27-8-2018;4;00:00,0;22:15,1;17:26,0;Exercise 6;36;113;5vs5;Complex 2;0 days 00:04:49.170000000;289;4
27-8-2018;4;00:00,0;55:01,6;51:04,2;Exercise 9;76;113;Serve;Technique ;0 days 00:03:57.450000000;237;3
28-8-2018;4;00:00,0;28:09,5;17:34,8;Exercise 6;13;114;Block;Technique ;0 days 00:10:34.700000000;634;10
28-8-2018;4;00:00,0;56:50,2;46:50,0;Exercise 1;63;114;Warming up & Cooling down;Physical;0 days 00:10:00.250000000;600;10
28-8-2018;4;00:00,0;04:05,9;59:29,6;Exercise 3;92;114;Complex technique;Technique ;0 days 00:04:36.290000000;276;4
28-8-2018;4;00:00,0;59:28,5;56:50,9;Exercise 2;53;114;Warming up & Cooling down;Physical;0 days 00:02:37.550000000;157;2
28-8-2018;4;00:00,0;40:13,5;28:10,3;Exercise 7;36;114;5vs5;Complex 2;0 days 00:12:03.200000000;723;12
28-8-2018;4;00:00,0;28:41,7;13:52,7;Exercise 10;123;114;six-six;Complex total;0 days 00:14:48.990000000;888;14
28-8-2018;4;00:00,0;16:14,0;09:13,1;Exercise 5;116;114;set-attack;Complex 1;0 days 00:07:00.890000000;420;7
28-8-2018;4;00:00,0;08:14,7;40:13,5;Exercise 8;99;114;six-six;Complex total;0 days 00:28:01.160000000;1681;28
28-8-2018;4;00:00,0;12:21,2;08:15,5;Exercise 9;76;114;Serve;Technique ;0 days 00:04:05.690000000;245;4
28-8-2018;4;00:00,0;09:13,1;04:06,6;Exercise 4;11;114;Complex technique;Technique ;0 days 00:05:06.520000000;306;5
29-8-2018;4;;;;;;;;;;;
30-8-2018;4;00:00,0;24:01,2;08:11,4;Exercise 1;0;115;Warming up & Cooling down;Physical;0 days 00:15:49.770000000;949;15
30-8-2018;4;00:00,0;35:01,2;25:01,2;Exercise 2;63;115;Warming up & Cooling down;Physical;0 days 00:10:00.000000000;600;10
30-8-2018;4;00:00,0;06:16,0;43:18,2;Exercise 4;8;115;Technique team individueel;Technique ;0 days 00:22:57.860000000;1377;22
30-8-2018;4;00:00,0;09:44,1;06:53,8;Exercise 1;1;116;Warming up & Cooling down;Physical;0 days 00:02:50.320000000;170;2
30-8-2018;4;00:00,0;26:19,9;24:18,3;Exercise 3;32;116;Agility;Physical;0 days 00:02:01.530000000;121;2
30-8-2018;4;00:00,0;33:17,1;35:01,2;Exercise 3;88;115;Strength;Physical;0 days 00:58:15.840000000;3495;58
30-8-2018;4;00:00,0;24:16,8;09:44,8;Exercise 2;63;116;Warming up & Cooling down;Physical;0 days 00:14:31.980000000;871;14
30-8-2018;4;00:00,0;21:15,0;01:39,5;Exercise 9;125;116;six-six;Complex total;0 days 00:19:35.530000000;1175;19
30-8-2018;4;00:00,0;56:11,9;21:15,9;Exercise 10;46;116;six-six;Complex total;0 days 00:34:56.020000000;2096;34
30-8-2018;4;00:00,0;33:21,6;31:29,6;Exercise 5;76;116;Serve;Technique ;0 days 00:01:52.000000000;112;1
30-8-2018;4;00:00,0;31:28,0;26:20,5;Exercise 4;11;116;Complex technique;Technique ;0 days 00:05:07.450000000;307;5
30-8-2018;4;00:00,0;50:51,1;43:40,7;Exercise 7;116;116;set-attack;Complex 1;0 days 00:07:10.380000000;430;7
30-8-2018;4;00:00,0;00:10,0;50:51,6;Exercise 8;36;116;5vs5;Complex 2;0 days 00:09:18.390000000;558;9
30-8-2018;4;00:00,0;42:48,4;35:06,2;Exercise 6;124;116;Block;Technique ;0 days 00:07:42.170000000;462;7
31-8-2018;4;00:00,0;34:57,1;27:57,1;Exercise 4;86;117;Team pass;Complex 1;0 days 00:06:59.960000000;419;6
31-8-2018;4;00:00,0;39:02,3;34:57,9;Exercise 5;11;117;Complex technique;Technique ;0 days 00:04:04.410000000;244;4
31-8-2018;4;00:00,0;27:56,1;24:57,7;Exercise 3;4;117;Set-Up;Technique ;0 days 00:02:58.450000000;178;2
31-8-2018;4;00:00,0;24:57,1;22:39,7;Exercise 2;92;117;Complex technique;Technique ;0 days 00:02:17.340000000;137;2
31-8-2018;4;00:00,0;50:27,9;39:19,1;Exercise 6;84;117;Team pass;Complex 1;0 days 00:11:08.850000000;668;11
31-8-2018;4;00:00,0;40:11,3;40:11,3;Exercise 2;126;124;Friendly;Competition;0 days 02:00:00.000000000;7200;120
31-8-2018;4;00:00,0;40:11,3;00:11,3;Exercise 1;82;124;Warming up & Cooling down;Physical;0 days 00:40:00.000000000;2400;40
31-8-2018;4;00:00,0;58:07,5;50:29,0;Exercise 7;79;117;Team pass;Complex 1;0 days 00:07:38.530000000;458;7
31-8-2018;4;00:00,0;22:39,0;04:32,1;Exercise 1;48;117;Warming up & Cooling down;Physical;0 days 00:18:06.880000000;1086;18
1-9-2018;4;00:00,0;30:35,1;10:34,7;Exercise 3;8;118;Technique team individueel;Technique ;0 days 00:20:00.400000000;1200;20
1-9-2018;4;00:00,0;05:56,5;30:35,1;Exercise 4;88;118;Strength;Physical;0 days 00:35:21.410000000;2121;35
1-9-2018;4;00:00,0;05:45,1;51:41,4;Exercise 1;48;118;Warming up & Cooling down;Physical;0 days 00:14:03.660000000;843;14
1-9-2018;4;00:00,0;00:11,3;20:11,3;Exercise 1;82;125;Warming up & Cooling down;Physical;0 days 00:40:00.000000000;2400;40
1-9-2018;4;00:00,0;00:11,3;00:11,3;Exercise 2;126;125;Friendly;Competition;0 days 02:00:00.000000000;7200;120
1-9-2018;4;00:00,0;10:33,8;05:45,6;Exercise 2;58;118;Warming up & Cooling down;Physical;0 days 00:04:48.260000000;288;4
2-9-2018;4;;;;;;;;;;;
3-9-2018;4;00:00,0;24:55,2;23:43,0;Exercise 2;58;119;Warming up & Cooling down;Physical;0 days 00:01:12.140000000;72;1
3-9-2018;4;00:00,0;01:56,7;52:48,1;Exercise 7;36;119;5vs5;Complex 2;0 days 00:09:08.650000000;548;9
3-9-2018;4;00:00,0;43:08,6;36:42,8;Exercise 5;116;119;set-attack;Complex 1;0 days 00:06:25.730000000;385;6
3-9-2018;4;00:00,0;11:56,8;03:52,9;Exercise 9;74;119;6vs6;Complex 2;0 days 00:08:03.960000000;483;8
3-9-2018;4;00:00,0;03:51,9;01:56,7;Exercise 8;121;119;pass-set-attack;Complex 1;0 days 00:01:55.200000000;115;1
3-9-2018;4;00:00,0;23:42,5;15:01,4;Exercise 1;0;119;Warming up & Cooling down;Physical;0 days 00:08:41.150000000;521;8
3-9-2018;4;00:00,0;35:09,1;30:40,5;Exercise 4;11;119;Complex technique;Technique ;0 days 00:04:28.520000000;268;4
3-9-2018;4;00:00,0;30:39,7;24:56,7;Exercise 3;92;119;Complex technique;Technique ;0 days 00:05:42.960000000;342;5
3-9-2018;4;00:00,0;59:54,0;47:33,7;Exercise 12;56;119;six-six;Complex total;0 days 00:12:20.360000000;740;12
3-9-2018;4;00:00,0;00:58,4;12:15,5;Exercise 1;72;120;Strength;Physical;0 days 00:48:42.860000000;2922;48
3-9-2018;4;00:00,0;26:33,8;12:00,6;Exercise 10;70;119;6vs6;Complex 2;0 days 00:14:33.250000000;873;14
3-9-2018;4;00:00,0;46:16,1;27:33,8;Exercise 11;46;119;six-six;Complex total;0 days 00:18:42.310000000;1122;18
3-9-2018;4;00:00,0;52:48,1;43:19,9;Exercise 6;13;119;Block;Technique ;0 days 00:09:28.170000000;568;9
4-9-2018;4;;;;;;;;;;;
5-9-2018;4;00:00,0;32:21,9;24:28,4;Exercise 5;116;122;set-attack;Complex 1;0 days 00:07:53.560000000;473;7
5-9-2018;4;00:00,0;10:08,9;30:32,6;Exercise 2;8;121;Technique team individueel;Technique ;0 days 00:39:36.380000000;2376;39
5-9-2018;4;00:00,0;14:54,7;09:48,1;Exercise 2;11;122;Complex technique;Technique ;0 days 00:05:06.570000000;306;5
5-9-2018;4;00:00,0;24:27,5;17:53,2;Exercise 4;13;122;Block;Technique ;0 days 00:06:34.260000000;394;6
5-9-2018;4;00:00,0;07:20,4;10:08,9;Exercise 3;88;121;Strength;Physical;0 days 00:57:11.470000000;3431;57
5-9-2018;4;00:00,0;17:52,6;14:55,4;Exercise 3;76;122;Serve;Technique ;0 days 00:02:57.260000000;177;2
5-9-2018;4;00:00,0;30:31,8;09:09,2;Exercise 1;0;121;Warming up & Cooling down;Physical;0 days 00:21:22.610000000;1282;21
5-9-2018;4;00:00,0;48:16,2;11:05,7;Exercise 8;46;122;six-six;Complex total;0 days 00:37:10.510000000;2230;37
5-9-2018;4;00:00,0;59:34,3;48:16,9;Exercise 9;76;122;Serve;Technique ;0 days 00:11:17.330000000;677;11
5-9-2018;4;00:00,0;43:42,4;32:22,7;Exercise 6;36;122;5vs5;Complex 2;0 days 00:11:19.740000000;679;11
5-9-2018;4;00:00,0;06:07,7;43:49,7;Exercise 7;55;122;6vs6;Complex 2;0 days 00:22:18.020000000;1338;22
5-9-2018;4;00:00,0;09:46,1;00:14,7;Exercise 1;63;122;Warming up & Cooling down;Physical;0 days 00:09:31.450000000;571;9
6-9-2018;4;00:00,0;07:07,1;04:03,1;Exercise 5;11;123;Complex technique;Technique ;0 days 00:03:04.000000000;184;3
6-9-2018;4;00:00,0;20:15,0;07:07,9;Exercise 6;84;123;Team pass;Complex 1;0 days 00:13:07.090000000;787;13
6-9-2018;4;00:00,0;25:03,1;20:15,8;Exercise 7;79;123;Team pass;Complex 1;0 days 00:04:47.310000000;287;4
6-9-2018;4;00:00,0;51:43,7;45:47,7;Exercise 2;58;123;Warming up & Cooling down;Physical;0 days 00:05:55.990000000;355;5
6-9-2018;4;00:00,0;45:46,8;33:52,8;Exercise 1;48;123;Warming up & Cooling down;Physical;0 days 00:11:54.080000000;714;11
6-9-2018;4;00:00,0;56:49,9;51:44,3;Exercise 3;4;123;Set-Up;Technique ;0 days 00:05:05.600000000;305;5
6-9-2018;4;00:00,0;00:11,3;20:11,3;Exercise 1;82;132;Warming up & Cooling down;Physical;0 days 00:40:00.000000000;2400;40
6-9-2018;4;00:00,0;00:11,3;00:11,3;Exercise 2;128;132;Friendly;Competition;0 days 02:00:00.000000000;7200;120
6-9-2018;4;00:00,0;30:20,5;25:20,1;Exercise 8;106;123;Warming up & Cooling down;Physical;0 days 00:05:00.470000000;300;5
6-9-2018;4;00:00,0;03:51,2;56:49,9;Exercise 4;22;123;Pass;Technique ;0 days 00:07:01.270000000;421;7
7-9-2018;4;00:00,0;30:11,3;40:11,3;Exercise 2;128;133;Friendly;Competition;0 days 01:50:00.000000000;6600;110
7-9-2018;4;00:00,0;40:11,3;00:11,3;Exercise 1;82;133;Warming up & Cooling down;Physical;0 days 00:40:00.000000000;2400;40
7-9-2018;4;00:00,0;24:42,1;11:44,7;Exercise 2;47;126;Warming up & Cooling down;Physical;0 days 00:12:57.400000000;777;12
7-9-2018;4;00:00,0;11:43,3;03:32,7;Exercise 1;48;126;Warming up & Cooling down;Physical;0 days 00:08:10.580000000;490;8
7-9-2018;4;00:00,0;10:36,5;28:42,5;Exercise 3;88;126;Strength;Physical;0 days 00:41:53.960000000;2513;41
8-9-2018;4;00:00,0;32:36,9;14:14,3;Exercise 4;84;127;Team pass;Complex 1;0 days 00:18:22.580000000;1102;18
8-9-2018;4;00:00,0;14:12,4;09:56,8;Exercise 3;11;127;Complex technique;Technique ;0 days 00:04:15.570000000;255;4
8-9-2018;4;00:00,0;09:56,0;00:53,9;Exercise 2;92;127;Complex technique;Technique ;0 days 00:09:02.070000000;542;9
8-9-2018;4;00:00,0;00:11,3;00:11,3;Exercise 2;128;134;Friendly;Competition;0 days 02:00:00.000000000;7200;120
8-9-2018;4;00:00,0;00:48,1;45:21,4;Exercise 1;63;127;Warming up & Cooling down;Physical;0 days 00:15:26.700000000;926;15
8-9-2018;4;00:00,0;00:11,3;20:11,3;Exercise 1;82;134;Warming up & Cooling down;Physical;0 days 00:40:00.000000000;2400;40
9-9-2018;4;;;;;;;;;;;
10-9-2018;4;00:00,0;;53:08,9;Exercise 6;4;128;Set-Up;Technique ;;;
10-9-2018;4;00:00,0;53:08,1;47:56,1;Exercise 5;92;128;Complex technique;Technique ;0 days 00:05:11.970000000;311;5
10-9-2018;4;00:00,0;06:55,6;00:04,2;Exercise 7;33;128;Pass;Technique ;0 days 00:06:51.410000000;411;6
10-9-2018;4;00:00,0;39:31,2;31:20,3;Exercise 2;63;128;Warming up & Cooling down;Physical;0 days 00:08:10.880000000;490;8
10-9-2018;4;00:00,0;31:19,5;21:31,2;Exercise 1;0;128;Warming up & Cooling down;Physical;0 days 00:09:48.350000000;588;9
10-9-2018;4;00:00,0;41:48,4;39:31,9;Exercise 3;58;128;Warming up & Cooling down;Physical;0 days 00:02:16.480000000;136;2
10-9-2018;4;00:00,0;12:12,4;07:08,8;Exercise 8;11;128;Complex technique;Technique ;0 days 00:05:03.540000000;303;5
10-9-2018;4;00:00,0;33:01,3;25:35,7;Exercise 10;76;128;Serve;Technique ;0 days 00:07:25.580000000;445;7
10-9-2018;4;00:00,0;25:34,9;12:35,0;Exercise 9;84;128;Team pass;Complex 1;0 days 00:12:59.900000000;779;12
10-9-2018;4;00:00,0;47:55,4;41:49,1;Exercise 4;25;128;Specific power;Physical;0 days 00:06:06.240000000;366;6
11-9-2018;4;00:00,0;00:32,0;49:45,0;Exercise 7;56;129;six-six;Complex total;0 days 00:10:47.020000000;647;10
11-9-2018;4;00:00,0;07:50,7;55:25,0;Exercise 1;58;129;Warming up & Cooling down;Physical;0 days 00:12:25.730000000;745;12
11-9-2018;4;00:00,0;33:37,1;12:37,1;Exercise 8;85;129;Serve;Technique ;0 days 00:20:59.950000000;1259;20
11-9-2018;4;00:00,0;12:16,3;08:03,3;Exercise 2;11;129;Complex technique;Technique ;0 days 00:04:12.980000000;252;4
11-9-2018;4;00:00,0;45:17,3;00:16,9;Exercise 1;88;130;Strength;Physical;0 days 00:45:00.450000000;2700;45
11-9-2018;4;00:00,0;48:52,9;47:23,4;Exercise 6;76;129;Serve;Technique ;0 days 00:01:29.490000000;89;1
11-9-2018;4;00:00,0;19:17,5;12:17,0;Exercise 3;116;129;set-attack;Complex 1;0 days 00:07:00.450000000;420;7
11-9-2018;4;00:00,0;39:05,5;19:18,2;Exercise 4;36;129;5vs5;Complex 2;0 days 00:19:47.250000000;1187;19
11-9-2018;4;00:00,0;47:22,8;39:06,1;Exercise 5;74;129;6vs6;Complex 2;0 days 00:08:16.750000000;496;8
12-9-2018;4;00:00,0;06:53,7;02:59,2;Exercise 6;11;131;Complex technique;Technique ;0 days 00:03:54.570000000;234;3
12-9-2018;4;00:00,0;02:57,3;53:26,7;Exercise 5;33;131;Pass;Technique ;0 days 00:09:30.560000000;570;9
12-9-2018;4;00:00,0;28:47,1;18:47,8;Exercise 8;127;131;pass-set-attack;Complex 1;0 days 00:09:59.230000000;599;9
12-9-2018;4;00:00,0;17:44,6;07:13,3;Exercise 7;84;131;Team pass;Complex 1;0 days 00:10:31.290000000;631;10
12-9-2018;4;00:00,0;41:59,1;39:51,5;Exercise 2;58;131;Warming up & Cooling down;Physical;0 days 00:02:07.510000000;127;2
12-9-2018;4;00:00,0;53:26,0;49:49,7;Exercise 4;4;131;Set-Up;Technique ;0 days 00:03:36.240000000;216;3
12-9-2018;4;00:00,0;49:49,2;41:59,6;Exercise 3;92;131;Complex technique;Technique ;0 days 00:07:49.550000000;469;7
12-9-2018;4;00:00,0;30:11,3;00:11,3;Exercise 2;130;146;WK;Competition;0 days 01:30:00.000000000;5400;90
12-9-2018;4;00:00,0;39:50,0;22:25,4;Exercise 1;48;131;Warming up & Cooling down;Physical;0 days 00:17:24.620000000;1044;17
12-9-2018;4;00:00,0;00:11,3;20:11,3;Exercise 1;82;146;Warming up & Cooling down;Physical;0 days 00:40:00.000000000;2400;40
13-9-2018;4;00:00,0;14:49,8;07:34,6;Exercise 4;35;135;pass-set-attack;Complex 1;0 days 00:07:15.230000000;435;7
13-9-2018;4;00:00,0;51:06,2;34:57,3;Exercise 7;56;135;six-six;Complex total;0 days 00:16:08.910000000;968;16
13-9-2018;4;00:00,0;34:57,3;31:39,0;Exercise 6;76;135;Serve;Technique ;0 days 00:03:18.320000000;198;3
13-9-2018;4;00:00,0;06:57,1;51:16,6;Exercise 8;84;135;Team pass;Complex 1;0 days 00:15:40.540000000;940;15
13-9-2018;4;00:00,0;59:38,2;48:37,3;Exercise 2;92;135;Complex technique;Technique ;0 days 00:11:00.900000000;660;11
13-9-2018;4;00:00,0;07:33,6;03:36,3;Exercise 3;11;135;Complex technique;Technique ;0 days 00:03:57.300000000;237;3
13-9-2018;4;00:00,0;48:36,4;39:32,2;Exercise 1;67;135;Warming up & Cooling down;Physical;0 days 00:09:04.180000000;544;9
13-9-2018;4;00:00,0;31:38,2;14:50,5;Exercise 5;36;135;5vs5;Complex 2;0 days 00:16:47.730000000;1007;16
14-9-2018;4;00:00,0;49:09,9;45:33,7;Exercise 6;79;136;Team pass;Complex 1;0 days 00:03:36.200000000;216;3
14-9-2018;4;00:00,0;19:56,4;17:25,7;Exercise 3;92;136;Complex technique;Technique ;0 days 00:02:30.680000000;150;2
14-9-2018;4;00:00,0;17:24,8;13:33,7;Exercise 2;53;136;Warming up & Cooling down;Physical;0 days 00:03:51.040000000;231;3
14-9-2018;4;00:00,0;00:11,3;20:11,3;Exercise 1;82;147;Warming up & Cooling down;Physical;0 days 00:40:00.000000000;2400;40
14-9-2018;4;00:00,0;40:11,3;00:11,3;Exercise 2;131;147;WK;Competition;0 days 01:40:00.000000000;6000;100
14-9-2018;4;00:00,0;59:45,9;49:43,7;Exercise 7;40;136;Team pass;Complex 1;0 days 00:10:02.230000000;602;10
14-9-2018;4;00:00,0;44:33,6;23:52,0;Exercise 5;86;136;Team pass;Complex 1;0 days 00:20:41.610000000;1241;20
14-9-2018;4;00:00,0;23:49,8;19:57,2;Exercise 4;11;136;Complex technique;Technique ;0 days 00:03:52.610000000;232;3
14-9-2018;4;00:00,0;13:32,6;01:13,7;Exercise 1;63;136;Warming up & Cooling down;Physical;0 days 00:12:18.910000000;738;12
15-9-2018;4;00:00,0;30:11,3;50:11,3;Exercise 1;82;148;Warming up & Cooling down;Physical;0 days 00:40:00.000000000;2400;40
15-9-2018;4;00:00,0;21:58,4;17:22,5;Exercise 3;92;137;Complex technique;Technique ;0 days 00:04:35.930000000;275;4
15-9-2018;4;00:00,0;00:41,5;26:47,9;Exercise 5;86;137;Team pass;Complex 1;0 days 00:33:53.590000000;2033;33
15-9-2018;4;00:00,0;26:47,0;21:59,0;Exercise 4;11;137;Complex technique;Technique ;0 days 00:04:47.990000000;287;4
15-9-2018;4;00:00,0;30:11,3;30:11,3;Exercise 2;122;148;WK;Competition;0 days 02:00:00.000000000;7200;120
15-9-2018;4;00:00,0;17:18,9;14:28,0;Exercise 2;53;137;Warming up & Cooling down;Physical;0 days 00:02:50.920000000;170;2
15-9-2018;4;00:00,0;14:26,7;04:11,2;Exercise 1;67;137;Warming up & Cooling down;Physical;0 days 00:10:15.480000000;615;10
16-9-2018;4;00:00,0;39:44,7;36:07,0;Exercise 4;11;138;Complex technique;Technique ;0 days 00:03:37.700000000;217;3
16-9-2018;4;00:00,0;29:45,4;21:57,3;Exercise 2;92;138;Complex technique;Technique ;0 days 00:07:48.110000000;468;7
16-9-2018;4;00:00,0;36:06,2;29:46,1;Exercise 3;33;138;Pass;Technique ;0 days 00:06:20.130000000;380;6
16-9-2018;4;00:00,0;59:43,7;40:06,0;Exercise 5;86;138;Team pass;Complex 1;0 days 00:19:37.740000000;1177;19
16-9-2018;4;00:00,0;21:54,2;05:15,5;Exercise 1;63;138;Warming up & Cooling down;Physical;0 days 00:16:38.690000000;998;16
16-9-2018;4;00:00,0;40:11,3;30:11,3;Exercise 2;119;149;WK;Competition;0 days 02:10:00.000000000;7800;130
16-9-2018;4;00:00,0;30:11,3;50:11,3;Exercise 1;82;149;Warming up & Cooling down;Physical;0 days 00:40:00.000000000;2400;40
17-9-2018;4;00:00,0;40:11,3;00:11,3;Exercise 2;132;150;WK;Competition;0 days 01:40:00.000000000;6000;100
17-9-2018;4;00:00,0;00:11,3;20:11,3;Exercise 1;82;150;Warming up & Cooling down;Physical;0 days 00:40:00.000000000;2400;40
17-9-2018;4;00:00,0;39:07,7;34:15,5;Exercise 4;92;139;Complex technique;Technique ;0 days 00:04:52.260000000;292;4
17-9-2018;4;00:00,0;55:08,4;39:08,4;Exercise 5;84;139;Team pass;Complex 1;0 days 00:16:00.000000000;960;16
17-9-2018;4;00:00,0;32:41,0;14:36,3;Exercise 3;63;139;Warming up & Cooling down;Physical;0 days 00:18:04.660000000;1084;18
17-9-2018;4;00:00,0;09:36,3;04:00,7;Exercise 1;58;139;Warming up & Cooling down;Physical;0 days 00:05:35.600000000;335;5
17-9-2018;4;00:00,0;14:36,3;09:36,3;Exercise 2;53;139;Warming up & Cooling down;Physical;0 days 00:05:00.000000000;300;5
18-9-2018;4;00:00,0;17:17,3;07:17,3;Exercise 2;31;140;Core;Physical;0 days 00:10:00.000000000;600;10
18-9-2018;4;00:00,0;07:17,3;57:12,9;Exercise 1;47;140;Warming up & Cooling down;Physical;0 days 00:10:04.420000000;604;10
18-9-2018;4;00:00,0;04:58,3;17:17,3;Exercise 3;88;140;Strength;Physical;0 days 00:47:40.970000000;2860;47
19-9-2018;4;00:00,0;15:29,9;08:37,2;Exercise 5;11;141;Complex technique;Technique ;0 days 00:06:52.680000000;412;6
19-9-2018;4;00:00,0;04:48,2;58:15,5;Exercise 3;92;141;Complex technique;Technique ;0 days 00:06:32.620000000;392;6
19-9-2018;4;00:00,0;54:08,6;33:10,2;Exercise 8;86;141;Team pass;Complex 1;0 days 00:20:58.350000000;1258;20
19-9-2018;4;00:00,0;31:10,2;25:54,4;Exercise 7;129;141;six-six;Complex total;0 days 00:05:15.760000000;315;5
19-9-2018;4;00:00,0;25:15,1;15:30,6;Exercise 6;35;141;pass-set-attack;Complex 1;0 days 00:09:44.550000000;584;9
19-9-2018;4;00:00,0;01:15,1;57:35,5;Exercise 10;8;141;Technique team individueel;Technique ;0 days 00:03:39.570000000;219;3
19-9-2018;4;00:00,0;57:15,8;54:27,2;Exercise 9;29;141;Defense;Technique ;0 days 00:02:48.610000000;168;2
19-9-2018;4;00:00,0;58:15,5;45:15,5;Exercise 2;63;141;Warming up & Cooling down;Physical;0 days 00:13:00.000000000;780;13
19-9-2018;4;00:00,0;45:14,8;39:54,1;Exercise 1;1;141;Warming up & Cooling down;Physical;0 days 00:05:20.670000000;320;5
19-9-2018;4;00:00,0;08:36,6;04:48,9;Exercise 4;4;141;Set-Up;Technique ;0 days 00:03:47.680000000;227;3
20-9-2018;4;00:00,0;52:32,7;43:53,6;Exercise 8;79;142;Team pass;Complex 1;0 days 00:08:39.150000000;519;8
20-9-2018;4;00:00,0;18:20,7;14:20,4;Exercise 6;76;142;Serve;Technique ;0 days 00:04:00.300000000;240;4
20-9-2018;4;00:00,0;14:19,4;06:15,3;Exercise 5;55;142;6vs6;Complex 2;0 days 00:08:04.110000000;484;8
20-9-2018;4;00:00,0;05:06,5;56:04,4;Exercise 4;36;142;5vs5;Complex 2;0 days 00:09:02.100000000;542;9
20-9-2018;4;00:00,0;51:24,3;46:40,8;Exercise 2;11;142;Complex technique;Technique ;0 days 00:04:43.450000000;283;4
20-9-2018;4;00:00,0;54:07,9;51:28,3;Exercise 3;116;142;set-attack;Complex 1;0 days 00:02:39.560000000;159;2
20-9-2018;4;00:00,0;46:40,2;34:05,8;Exercise 1;53;142;Warming up & Cooling down;Physical;0 days 00:12:34.460000000;754;12
20-9-2018;4;00:00,0;41:56,1;18:47,6;Exercise 7;56;142;six-six;Complex total;0 days 00:23:08.490000000;1388;23
21-9-2018;4;00:00,0;24:03,0;53:13,6;Exercise 7;84;143;Team pass;Complex 1;0 days 00:30:49.370000000;1849;30
21-9-2018;4;00:00,0;30:53,9;20:17,5;Exercise 1;63;143;Warming up & Cooling down;Physical;0 days 00:10:36.390000000;636;10
21-9-2018;4;00:00,0;39:52,0;37:28,9;Exercise 3;1;143;Warming up & Cooling down;Physical;0 days 00:02:23.160000000;143;2
21-9-2018;4;00:00,0;53:12,5;48:55,2;Exercise 6;11;143;Complex technique;Technique ;0 days 00:04:17.280000000;257;4
21-9-2018;4;00:00,0;44:22,1;39:53,0;Exercise 4;92;143;Complex technique;Technique ;0 days 00:04:29.040000000;269;4
21-9-2018;4;00:00,0;20:11,3;00:11,3;Exercise 2;133;151;WK;Competition;0 days 01:20:00.000000000;4800;80
21-9-2018;4;00:00,0;37:28,1;30:54,8;Exercise 2;0;143;Warming up & Cooling down;Physical;0 days 00:06:33.310000000;393;6
21-9-2018;4;00:00,0;00:11,3;20:11,3;Exercise 1;82;151;Warming up & Cooling down;Physical;0 days 00:40:00.000000000;2400;40
21-9-2018;4;00:00,0;48:54,4;44:22,8;Exercise 5;4;143;Set-Up;Technique ;0 days 00:04:31.610000000;271;4
22-9-2018;4;00:00,0;40:40,5;36:56,0;Exercise 4;4;144;Set-Up;Technique ;0 days 00:03:44.510000000;224;3
22-9-2018;4;00:00,0;44:50,9;40:41,3;Exercise 5;11;144;Complex technique;Technique ;0 days 00:04:09.590000000;249;4
22-9-2018;4;00:00,0;36:55,4;32:02,3;Exercise 3;92;144;Complex technique;Technique ;0 days 00:04:53.090000000;293;4
22-9-2018;4;00:00,0;28:36,0;18:41,1;Exercise 1;63;144;Warming up & Cooling down;Physical;0 days 00:09:54.870000000;594;9
22-9-2018;4;00:00,0;32:01,6;28:36,7;Exercise 2;53;144;Warming up & Cooling down;Physical;0 days 00:03:24.960000000;204;3
22-9-2018;4;00:00,0;40:11,3;00:11,3;Exercise 2;83;152;WK;Competition;0 days 01:40:00.000000000;6000;100
22-9-2018;4;00:00,0;00:11,3;20:11,3;Exercise 1;82;152;Warming up & Cooling down;Physical;0 days 00:40:00.000000000;2400;40
22-9-2018;4;00:00,0;15:10,6;44:51,8;Exercise 6;84;144;Team pass;Complex 1;0 days 00:30:18.850000000;1818;30
